Category,Title,Description,What this prompt does,Tips,Link
finance,Get Comprehensive Operational Audits,"Conduct comprehensive operational audits with this AI prompt, delivering C-suite grade strategies for measurable ROI within 90 days.","● Conducts comprehensive operational audits matching Big 4 consulting quality.
● Identifies million-dollar inefficiencies and delivers measurable ROI within 90 days.
● Provides strategic recommendations and implementation roadmaps for operational excellence.","● Clearly define your primary operational challenge to focus the audit on areas that will deliver the most significant impact.

● Gather and organize all relevant financial and operational data, such as financial statements and workflow documents, to ensure a thorough analysis.

● Regularly review and update your operational strategies based on the audit findings to maintain efficiency and competitiveness.",https://www.godofprompt.ai/prompt?prompt=get-comprehensive-operational-audits
finance,Create Wealth Plan,"Create a comprehensive wealth plan with this AI prompt, embodying Victor Sterling's analytical approach to strategic investing and wealth management.","● Provides a comprehensive framework for creating a personalized wealth maximization plan.
● Utilizes data-driven insights to offer strategic investment, retirement, real estate, and tax optimization advice.
● Ensures recommendations are compliant with financial regulations and tailored to the user's financial goals.","● Clearly define your long-term financial goals to guide the wealth plan's focus and ensure alignment with your personal objectives.

● Regularly review and update your financial information, such as income, assets, and investment rates, to keep the wealth plan relevant and effective.

● Use reputable financial data sources and consult with a human advisor to validate and complement the AI-generated wealth strategies.",https://www.godofprompt.ai/prompt?prompt=create-wealth-plan
finance,Develop Debt Payoff Strategy,"Guide users to financial freedom with this AI prompt, combining financial analysis and psychological insight for personalized debt elimination strategies.","● Guides users through creating a personalized debt elimination strategy that combines financial analysis with psychological insight.
● Analyzes debt psychology and calculates optimal strategies to address both mathematical payoff and emotional patterns.
● Identifies hidden resources and creates sustainable momentum for debt repayment.","● Focus on understanding your emotional relationship with debt to tailor the strategy effectively, ensuring it aligns with both your financial goals and psychological needs.

● Regularly review and adjust your strategy based on changes in your financial situation and emotional state to maintain momentum and motivation.

● Utilize the psychological warfare toolkit to manage stress and maintain motivation throughout the debt elimination process.",https://www.godofprompt.ai/prompt?prompt=develop-debt-payoff-strategy
finance,Compare Loan Offers,"Organize and compare loan offers with this AI prompt, revealing true costs and hidden fees for informed financial decisions.","● Organizes complex loan offers into a standardized format for easy comparison.
● Calculates true costs, including hidden fees and interest, to reveal the most cost-effective option.
● Provides clear, jargon-free explanations and recommendations for informed financial decisions.","● Gather all loan details, including interest rates, terms, and fees, to ensure a comprehensive comparison.

● Use precise amortization formulas to calculate monthly payments and total interest, ensuring accuracy in financial planning.

● Regularly review and update your understanding of loan terms to avoid common pitfalls and make informed decisions.",https://www.godofprompt.ai/prompt?prompt=compare-loan-offers
finance,Build Emergency Fund,"Calculate personalized emergency fund targets with this AI prompt, offering strategies to build a buffer without sacrificing essentials.","● Provides a systematic approach to building an emergency fund without sacrificing essentials.
● Calculates personalized emergency fund targets based on actual monthly expenses.
● Offers creative savings strategies that work with irregular income and psychological barriers.","● Assess your true monthly expenses to calculate an accurate emergency fund target, ensuring it reflects your real financial situation.

● Break down your savings goal into smaller, manageable milestones to maintain motivation and track progress effectively.

● Explore unconventional fund-building tactics, like selling unused items or utilizing cashback apps, to find money without cutting essential expenses.",https://www.godofprompt.ai/prompt?prompt=build-emergency-fund
